{"sections":{"main":{"type":"main-blog","settings":{"layout":"collage","show_image":true,"image_height":"medium","show_date":true,"show_author":false,"padding_top":0,"padding_bottom":0}},"newsletter":{"type":"newsletter","blocks":{"heading":{"type":"heading","settings":{"heading":"SUBSCRIBE TO OUR EMAILS","heading_size":"h1"}},"paragraph":{"type":"paragraph","settings":{"text":"<p>Be the first to know about new collections and exclusive offers.<\/p>"}},"email-form":{"type":"email_form","settings":{}}},"block_order":["heading","paragraph","email-form"],"settings":{"color_scheme":"accent-1","full_width":true,"padding_top":40,"padding_bottom":40}}},"order":["main","newsletter"]}