{"sections":{"image-banner":{"type":"image-banner","settings":{"image":"{{ collection.image }}","image_overlay_opacity":0,"image_height":"small","adapt_height_first_image":false,"desktop_content_position":"middle-center","show_text_box":false,"desktop_content_alignment":"center","color_scheme":"background-1","mobile_content_alignment":"center","stack_images_on_mobile":true,"show_text_below":true}},"banner":{"type":"main-collection-banner","settings":{"show_collection_description":false,"show_collection_image":false,"color_scheme":"background-1"}},"product-grid":{"type":"main-collection-product-grid","settings":{"products_per_page":16,"columns_desktop":4,"image_ratio":"portrait","show_secondary_image":true,"show_vendor":false,"show_rating":false,"enable_quick_add":false,"enable_filtering":true,"filter_type":"drawer","enable_sorting":true,"columns_mobile":"1","padding_top":0,"padding_bottom":0}},"image-with-text":{"type":"image-with-text","blocks":{"heading":{"type":"heading","settings":{"heading":"IMAGE WITH TEXT","heading_size":"h1"}},"text":{"type":"text","settings":{"text":"<p>Pair an image with text to introduce a blog post that helps your customers learn more about your products.<\/p>","text_style":"body"}},"button":{"type":"button","settings":{"button_label":"BUTTON LABEL","button_link":""}}},"block_order":["heading","text","button"],"settings":{"height":"adapt","desktop_image_width":"small","layout":"image_first","desktop_content_position":"top","desktop_content_alignment":"left","content_layout":"no-overlap","color_scheme":"background-1","mobile_content_alignment":"left","padding_top":20,"padding_bottom":20}},"newsletter":{"type":"newsletter","blocks":{"heading":{"type":"heading","settings":{"heading":"SUBSCRIBE TO OUR EMAILS","heading_size":"h1"}},"paragraph":{"type":"paragraph","settings":{"text":"<p>Be the first to know about new collections and exclusive offers.<\/p>"}},"email-form":{"type":"email_form","settings":{}}},"block_order":["heading","paragraph","email-form"],"settings":{"color_scheme":"accent-1","full_width":true,"padding_top":40,"padding_bottom":40}}},"order":["image-banner","banner","product-grid","image-with-text","newsletter"]}