{"sections":{"image-with-text":{"type":"image-with-text","blocks":{"heading":{"type":"heading","settings":{"heading":"IMAGE WITH TEXT","heading_size":"h0"}},"text":{"type":"text","settings":{"text":"<p>Pair text with an image to share something inspiring about your brand that encourages shoppers to browse your products.<\/p>","text_style":"body"}},"button":{"type":"button","settings":{"button_label":"SHOP","button_link":""}}},"block_order":["heading","text","button"],"settings":{"image":"{{ shop.brand.cover_image }}","height":"adapt","desktop_image_width":"medium","layout":"text_first","desktop_content_position":"middle","desktop_content_alignment":"left","content_layout":"no-overlap","color_scheme":"background-1","mobile_content_alignment":"left","padding_top":40,"padding_bottom":0}},"featured_collection":{"type":"featured-collection","settings":{"title":"","heading_size":"h2","description":"","show_description":false,"description_style":"body","collection":"all","products_to_show":4,"columns_desktop":4,"full_width":false,"show_view_all":false,"view_all_style":"solid","enable_desktop_slider":false,"color_scheme":"background-1","image_ratio":"portrait","show_secondary_image":false,"show_vendor":false,"show_rating":false,"enable_quick_add":false,"columns_mobile":"2","swipe_on_mobile":false,"padding_top":0,"padding_bottom":0}},"image-with-text-1":{"type":"image-with-text","blocks":{"heading":{"type":"heading","settings":{"heading":"IMAGE WITH TEXT","heading_size":"h2"}},"text":{"type":"text","settings":{"text":"<p>Pair text with an image to share an exciting update or a testimonial.<\/p>","text_style":"body"}}},"block_order":["heading","text"],"settings":{"height":"adapt","desktop_image_width":"large","layout":"image_first","desktop_content_position":"middle","desktop_content_alignment":"left","content_layout":"no-overlap","color_scheme":"background-1","mobile_content_alignment":"left","padding_top":0,"padding_bottom":0}},"image-with-text-2":{"type":"image-with-text","blocks":{"heading":{"type":"heading","settings":{"heading":"IMAGE WITH TEXT","heading_size":"h0"}},"text":{"type":"text","settings":{"text":"<p>Pair text with an image to focus on your chosen product, collection, or blog post. Add details on availability, style, or even provide a review.<\/p>","text_style":"body"}},"button":{"type":"button","settings":{"button_label":"SHOP","button_link":""}}},"block_order":["heading","text","button"],"settings":{"height":"adapt","desktop_image_width":"medium","layout":"text_first","desktop_content_position":"middle","desktop_content_alignment":"left","content_layout":"no-overlap","color_scheme":"background-1","mobile_content_alignment":"left","padding_top":0,"padding_bottom":0}},"multicolumn":{"type":"multicolumn","blocks":{"column-1":{"type":"column","settings":{"title":"MULTICOLUMN","text":"<p>Highlight a collection by sharing its benefits and features.<\/p>","link_label":"SHOP","link":""}},"column-2":{"type":"column","settings":{"title":"","text":"<p>Add an image of a product from your collection in this column.<\/p>","link_label":"","link":""}},"column-3":{"type":"column","settings":{"title":"","text":"<p>Add an image of a product from your collection in this column.<\/p>","link_label":"","link":""}}},"block_order":["column-1","column-2","column-3"],"settings":{"title":"","heading_size":"h1","image_width":"full","image_ratio":"adapt","columns_desktop":3,"column_alignment":"left","background_style":"primary","button_label":"","button_link":"","color_scheme":"background-1","columns_mobile":"1","swipe_on_mobile":false,"padding_top":0,"padding_bottom":0}},"collapsible-content":{"type":"collapsible-content","blocks":{"row-1":{"type":"collapsible_row","settings":{"heading":"SHARE A BENEFIT OF YOUR FEATURED PRODUCT","icon":"plant","row_content":"<p>Include key facts, specifications, and important information about your featured product. <\/p><p>Add an image in your Collapsible content settings for more visual interest.<\/p>","page":""}},"row-2":{"type":"collapsible_row","settings":{"heading":"SHARE ANOTHER BENEFIT","icon":"lightning_bolt","row_content":"","page":""}},"row-3":{"type":"collapsible_row","settings":{"heading":"SHARE ANOTHER BENEFIT","icon":"fire","row_content":"","page":""}},"row-4":{"type":"collapsible_row","settings":{"heading":"SHARE ANOTHER BENEFIT","icon":"check_mark","row_content":"","page":""}}},"block_order":["row-1","row-2","row-3","row-4"],"settings":{"caption":"ADD A CAPTION","heading":"COLLAPSIBLE CONTENT","heading_size":"h1","heading_alignment":"left","layout":"row","color_scheme":"background-2","container_color_scheme":"accent-1","open_first_collapsible_row":true,"image_ratio":"large","desktop_layout":"image_first","padding_top":20,"padding_bottom":20}},"newsletter":{"type":"newsletter","blocks":{"heading":{"type":"heading","settings":{"heading":"SUBSCRIBE TO OUR EMAILS","heading_size":"h1"}},"paragraph":{"type":"paragraph","settings":{"text":"<p>Be the first to know about new collections and exclusive offers.<\/p>"}},"email-form":{"type":"email_form","settings":{}}},"block_order":["heading","paragraph","email-form"],"settings":{"color_scheme":"accent-1","full_width":true,"padding_top":40,"padding_bottom":40}}},"order":["image-with-text","featured_collection","image-with-text-1","image-with-text-2","multicolumn","collapsible-content","newsletter"]}