{"sections":{"main":{"type":"main-page","settings":{"padding_top":20,"padding_bottom":0}},"form":{"type":"contact-form","settings":{"heading":"","heading_size":"h2","color_scheme":"background-1","padding_top":0,"padding_bottom":20}},"newsletter":{"type":"newsletter","blocks":{"heading":{"type":"heading","settings":{"heading":"SUBSCRIBE TO OUR EMAILS","heading_size":"h1"}},"paragraph":{"type":"paragraph","settings":{"text":"<p>Be the first to know about new collections and exclusive offers.<\/p>"}},"email-form":{"type":"email_form","settings":{}}},"block_order":["heading","paragraph","email-form"],"settings":{"color_scheme":"accent-1","full_width":true,"padding_top":40,"padding_bottom":40}}},"order":["main","form","newsletter"]}