{"sections":{"main":{"type":"main-page","settings":{"padding_top":28,"padding_bottom":28}},"newsletter":{"type":"newsletter","blocks":{"heading":{"type":"heading","settings":{"heading":"SUBSCRIBE TO OUR EMAILS","heading_size":"h1"}},"paragraph":{"type":"paragraph","settings":{"text":"<p>Be the first to know about new collections and exclusive offers.<\/p>"}},"email-form":{"type":"email_form","settings":{}}},"block_order":["heading","paragraph","email-form"],"settings":{"color_scheme":"accent-1","full_width":true,"padding_top":40,"padding_bottom":40}}},"order":["main","newsletter"]}