{"sections":{"main":{"type":"main-page","disabled":true,"settings":{"padding_top":28,"padding_bottom":28}},"image-banner":{"type":"image-banner","settings":{"image_overlay_opacity":0,"image_height":"medium","adapt_height_first_image":false,"desktop_content_position":"middle-center","show_text_box":true,"desktop_content_alignment":"center","color_scheme":"background-1","mobile_content_alignment":"center","stack_images_on_mobile":true,"show_text_below":true}},"rich-text":{"type":"rich-text","blocks":{"heading":{"type":"heading","settings":{"heading":"<p>RICH TEXT<\/p>","heading_size":"h0"}},"text":{"type":"text","settings":{"text":"<p>Introduce your team by providing an overview of what they do, when they joined, and how their expertise shapes your brand. <\/p>"}},"button":{"type":"button","disabled":true,"settings":{"button_label":"Button label","button_link":"","button_style_secondary":false,"button_label_2":"","button_link_2":"","button_style_secondary_2":false}}},"block_order":["heading","text","button"],"settings":{"desktop_content_position":"center","content_alignment":"center","color_scheme":"background-1","full_width":true,"padding_top":0,"padding_bottom":0}},"multicolumn":{"type":"multicolumn","blocks":{"column-1":{"type":"column","settings":{"title":"TEAM MEMBER NAME","text":"<p>Describe this team member's expertise and unique skills. Consider adding an image to your column to represent this team member. <\/p>","link_label":"","link":""}},"column-2":{"type":"column","settings":{"title":"TEAM MEMBER NAME","text":"<p>Describe this team member's expertise and unique skills. Consider adding an image to your column to represent this team member. <\/p>","link_label":"","link":""}},"column-3":{"type":"column","settings":{"title":"TEAM MEMBER NAME","text":"<p>Describe this team member's expertise and unique skills. Consider adding an image to your column to represent this team member. <\/p>","link_label":"","link":""}}},"block_order":["column-1","column-2","column-3"],"settings":{"title":"","heading_size":"h0","image_width":"full","image_ratio":"square","columns_desktop":3,"column_alignment":"left","background_style":"none","button_label":"","button_link":"","color_scheme":"background-1","columns_mobile":"1","swipe_on_mobile":false,"padding_top":0,"padding_bottom":0}},"multicolumn-1":{"type":"multicolumn","blocks":{"column-1":{"type":"column","settings":{"title":"TEAM MEMBER","text":"<p>Describe this team member's expertise and unique skills. Consider adding an image to your column to represent this team member. <\/p>","link_label":"","link":""}},"column-2":{"type":"column","settings":{"title":"TEAM MEMBER","text":"<p>Describe this team member's expertise and unique skills. Consider adding an image to your column to represent this team member. <\/p>","link_label":"","link":""}}},"block_order":["column-1","column-2"],"settings":{"title":"","heading_size":"h1","image_width":"full","image_ratio":"square","columns_desktop":2,"column_alignment":"left","background_style":"none","button_label":"","button_link":"","color_scheme":"background-2","columns_mobile":"1","swipe_on_mobile":false,"padding_top":0,"padding_bottom":0}},"multicolumn-2":{"type":"multicolumn","blocks":{"column-1":{"type":"column","settings":{"title":"TEAM MEMBER","text":"<p>Describe this team member's expertise and unique skills. Consider adding an image to your column to represent this team member. <\/p>","link_label":"","link":""}},"column-2":{"type":"column","settings":{"title":"TEAM MEMBER","text":"<p>Describe this team member's expertise and unique skills. Consider adding an image to your column to represent this team member. <\/p>","link_label":"","link":""}},"column-3":{"type":"column","settings":{"title":"TEAM MEMBER","text":"<p>Describe this team member's expertise and unique skills. Consider adding an image to your column to represent this team member. <\/p>","link_label":"","link":""}},"column-4":{"type":"column","settings":{"title":"TEAM MEMBER","text":"<p>Describe this team member's expertise and unique skills. Consider adding an image to your column to represent this team member. <\/p>","link_label":"","link":""}}},"block_order":["column-1","column-2","column-3","column-4"],"settings":{"title":"","heading_size":"h1","image_width":"full","image_ratio":"square","columns_desktop":4,"column_alignment":"left","background_style":"none","button_label":"","button_link":"","color_scheme":"background-1","columns_mobile":"1","swipe_on_mobile":false,"padding_top":0,"padding_bottom":0}},"newsletter":{"type":"newsletter","blocks":{"heading":{"type":"heading","settings":{"heading":"SUBSCRIBE TO OUR EMAILS","heading_size":"h1"}},"paragraph":{"type":"paragraph","settings":{"text":"<p>Be the first to know about new collections and exclusive offers.<\/p>"}},"email-form":{"type":"email_form","settings":{}}},"block_order":["heading","paragraph","email-form"],"settings":{"color_scheme":"accent-1","full_width":true,"padding_top":40,"padding_bottom":40}}},"order":["main","image-banner","rich-text","multicolumn","multicolumn-1","multicolumn-2","newsletter"]}