{"sections":{"main":{"type":"main-product","blocks":{"vendor":{"type":"text","settings":{"text":"{{ product.vendor }}","text_style":"uppercase"}},"title":{"type":"title","settings":{}},"product-rating":{"type":"rating","settings":{}},"price":{"type":"price","settings":{}},"variant_picker":{"type":"variant_picker","settings":{"picker_type":"button"}},"quantity_selector":{"type":"quantity_selector","settings":{}},"buy_buttons":{"type":"buy_buttons","settings":{"show_dynamic_checkout":true}},"description":{"type":"description","settings":{}},"share":{"type":"share","settings":{"share_label":"Share"}}},"block_order":["vendor","title","product-rating","price","variant_picker","quantity_selector","buy_buttons","description","share"],"settings":{"enable_sticky_info":true,"media_position":"left","gallery_layout":"thumbnail","media_size":"medium","mobile_thumbnails":"hide","hide_variants":false,"enable_video_looping":false,"padding_top":36,"padding_bottom":12}},"collapsible-content":{"type":"collapsible-content","blocks":{"row-1":{"type":"collapsible_row","settings":{"heading":"DETAILS","icon":"lightning_bolt","row_content":"<p>Provide details like specifications, materials, or measurements.<\/p><p>Add an image in your Collapsible content settings for more visual interest.<\/p>","page":""}},"row-2":{"type":"collapsible_row","settings":{"heading":"TIPS","icon":"check_mark","row_content":"<p>Share expert tips on how to use this product or pair it with other items.<\/p>","page":""}},"row-3":{"type":"collapsible_row","settings":{"heading":"SHIPPING","icon":"truck","row_content":"<p>List the details of your shipping policy.<\/p>","page":""}}},"block_order":["row-1","row-2","row-3"],"settings":{"caption":"","heading":"","heading_size":"h1","heading_alignment":"left","layout":"row","color_scheme":"background-1","container_color_scheme":"accent-1","open_first_collapsible_row":true,"image_ratio":"large","desktop_layout":"image_second","padding_top":36,"padding_bottom":36}},"product-recommendations":{"type":"product-recommendations","settings":{"heading":"YOU MAY ALSO LIKE","heading_size":"h1","products_to_show":4,"columns_desktop":4,"color_scheme":"background-1","image_ratio":"portrait","show_secondary_image":true,"show_vendor":false,"show_rating":false,"columns_mobile":"2","padding_top":0,"padding_bottom":0}},"newsletter":{"type":"newsletter","blocks":{"heading":{"type":"heading","settings":{"heading":"SUBSCRIBE TO OUR EMAILS","heading_size":"h1"}},"paragraph":{"type":"paragraph","settings":{"text":"<p>Be the first to know about new collections and exclusive offers.<\/p>"}},"email-form":{"type":"email_form","settings":{}}},"block_order":["heading","paragraph","email-form"],"settings":{"color_scheme":"accent-1","full_width":true,"padding_top":40,"padding_bottom":40}}},"order":["main","collapsible-content","product-recommendations","newsletter"]}